Date,Year,Month,Vehicle_Type,Automobile_Sales,GDP,Average_Price,Recession,Unemployment_Rate,Advertisement_Expenditure
2005-01-01,2005,Jan,Sedan,26284,18.74507122951685,24265,0,4.361735698828816,2466
2005-01-01,2005,Jan,SUV,31023,17.85806849715304,26322,0,3.5711718999660675,3685
2005-01-01,2005,Jan,Truck,17433,18.119747718323556,23311,0,4.340483498342925,3184
2005-01-01,2005,Jan,Hatchback,42480,18.36294340734905,26666,0,2.586719755342202,3082
2005-02-01,2005,Feb,Sedan,17747,17.202273884672657,18189,0,4.38252449822865,4734
2005-02-01,2005,Feb,SUV,16267,15.785505460268098,35912,0,5.986980958047201,5202
2005-02-01,2005,Feb,Truck,29502,18.625516664494764,39777,0,5.332461857121157,4435
2005-02-01,2005,Feb,Hatchback,26016,18.142688676475704,20612,0,5.164654342749852,3363
2005-03-01,2005,Mar,Sedan,32159,19.168788951772505,30206,0,3.3989022436501664,2034
2005-03-01,2005,Mar,SUV,18943,17.655824319252066,37457,0,4.889348913256123,3021
2005-03-01,2005,Mar,Truck,24692,22.167469562328662,30990,0,5.693639724282317,2161
2005-03-01,2005,Mar,Hatchback,47606,19.047598411997583,29534,0,4.328371164773581,6551
2005-04-01,2005,Apr,Sedan,39253,19.17829818674737,26529,0,7.156010091272043,2878
2005-04-01,2005,Apr,SUV,36243,17.30904184356032,24331,0,5.557122226218915,2379
2005-04-01,2005,Apr,Truck,17568,16.570458316175248,39847,0,3.452129397418186,4027
2005-04-01,2005,Apr,Hatchback,27666,18.954457662517754,23892,0,3.59327933142007,5561
2005-05-01,2005,May,Sedan,37662,16.741173715166042,26392,0,4.190787624148785,6875
2005-05-01,2005,May,SUV,26837,17.281238643232065,32039,0,4.3143410233361825,2804
2005-05-01,2005,May,Truck,39538,19.218788733591296,27762,0,5.856240028570823,4690
2005-05-01,2005,May,Hatchback,21910,18.54209340826262,30685,0,6.038036566465969,2870
2005-06-01,2005,Jun,Sedan,37403,17.774199212610327,36141,0,3.5344423281050252,3678
2005-06-01,2005,Jun,SUV,31198,16.816112506953118,27914,0,5.243711283771226,5314
2005-06-01,2005,Jun,Truck,17693,18.75217249728721,31931,0,5.658186652932027,5627
2005-06-01,2005,Jun,Hatchback,33047,19.443961934999553,28230,0,4.290307563163002,5302
2005-07-01,2005,Jul,Sedan,16306,17.612722802195492,24776,0,4.960955615420294,4675
2005-07-01,2005,Jul,SUV,36959,15.975915040150486,23530,0,3.48092721463193,6744
2005-07-01,2005,Jul,Truck,28545,20.91767342173018,18663,0,4.34666354248386,3998
2005-07-01,2005,Jul,Hatchback,18304,17.27531598187306,38147,0,3.9301716516015963,3853
2005-08-01,2005,Aug,Sedan,38664,17.97217379323254,19636,0,2.826495378009777,5696
2005-08-01,2005,Aug,SUV,15854,17.90343292379855,23855,0,4.844902335044728,5474
2005-08-01,2005,Aug,Truck,41309,18.507033988312713,39919,0,6.4745711969534865,6931
2005-08-01,2005,Aug,Hatchback,27688,17.678513275115712,22389,0,3.8108057895357548,4327
2005-09-01,2005,Sep,Sedan,38509,18.53423974558407,19930,0,4.478119125661235,5582
2005-09-01,2005,Sep,SUV,30708,16.514195512303967,35043,0,3.933702270397228,4811
2005-09-01,2005,Sep,Truck,17911,15.6740048534008,19734,0,4.568562974806027,3843
2005-09-01,2005,Sep,Hatchback,38078,17.784806655553965,20385,0,5.11700377571513,4919
2005-10-01,2005,Oct,Sedan,36918,17.41760340153508,38445,0,3.6144876261711514,5369
2005-10-01,2005,Oct,SUV,46065,19.220275826054504,27208,0,3.269135683566045,5643
2005-10-01,2005,Oct,Truck,44855,18.094236899599775,25158,0,5.001596365346172,4056
2005-10-01,2005,Oct,Hatchback,16154,19.447215873492652,22499,0,3.4351688471369943,5191
2005-11-01,2005,Nov,Sedan,17557,19.28099667974235,23592,0,6.288593857325463,2098
2005-11-01,2005,Nov,SUV,43643,17.78551359793871,23699,0,2.56542980449895,6493
2005-11-01,2005,Nov,Truck,37399,19.737893368511106,31446,0,3.6793176816482895,3218
2005-11-01,2005,Nov,Hatchback,19555,19.233090239991736,27146,0,6.396792982653947,6565
2005-12-01,2005,Dec,Sedan,29373,16.665728355561715,32565,0,3.6841897150345617,5436
2005-12-01,2005,Dec,SUV,45746,19.365768327742003,34609,0,4.47027464231261,6893
2005-12-01,2005,Dec,Truck,20600,20.046650170980477,25996,0,5.6720289038044,2815
2005-12-01,2005,Dec,Hatchback,33589,16.39366125290833,28716,0,4.982472415243185,3069
2006-01-01,2006,Jan,Sedan,48828,17.664805822011225,36711,0,5.214000494092092,5420
2006-01-01,2006,Jan,SUV,15699,18.709856436860317,39472,0,4.427171087343127,3139
2006-01-01,2006,Jan,Truck,21102,16.729809422897393,35568,0,2.9851527753141354,5327
2006-01-01,2006,Jan,Hatchback,47745,14.522897627718256,18569,0,4.231981648157127,3895
2006-02-01,2006,Feb,Sedan,31538,16.2784200407625,28729,0,5.889602828146591,3409
2006-02-01,2006,Feb,SUV,27533,19.324256490764085,25343,0,4.050695613904218,4806
2006-02-01,2006,Feb,Truck,25647,15.672849083864023,26716,0,3.9895067804224045,4950
2006-02-01,2006,Feb,Hatchback,17368,20.15603449250029,30039,0,4.507306372740632,6495
2006-03-01,2006,Mar,Sedan,25966,18.102526876655745,18853,0,4.090591169428443,6146
2006-03-01,2006,Mar,SUV,37677,21.47198785001026,27907,0,2.632734807408252,6777
2006-03-01,2006,Mar,Truck,17491,17.29210220131585,33328,0,5.588950596967366,5124
2006-03-01,2006,Mar,Hatchback,47093,19.81559794970496,22142,0,4.348764034507771,6364
2006-04-01,2006,Apr,Sedan,29098,17.839208287258312,23177,0,4.013782714246876,3369
2006-04-01,2006,Apr,SUV,24204,18.757480918470687,36048,0,5.365755194170122,3081
2006-04-01,2006,Apr,Truck,22805,17.8267898851144,23237,0,5.331708576975847,2559
2006-04-01,2006,Apr,Hatchback,44375,18.406592623113394,27662,0,6.744806606010563,2580
2006-05-01,2006,May,Sedan,34531,16.009752350796155,38633,0,6.343715797751846,3679
2006-05-01,2006,May,SUV,28296,16.979993498823085,36525,0,4.236594155132727,5059
2006-05-01,2006,May,Truck,41211,19.048638572789983,22452,0,5.099896633711006,4070
2006-05-01,2006,May,Hatchback,38289,17.5134068286489,29922,0,5.024609000630509,4489
2006-06-01,2006,Jun,Sedan,31364,22.780550007109454,22611,0,4.584163521007921,5087
2006-06-01,2006,Jun,SUV,44168,18.298589543360205,34347,0,3.8997831228412054,2895
2006-06-01,2006,Jun,Truck,21833,19.758653673588363,29938,0,5.031400010960329,4427
2006-06-01,2006,Jun,Hatchback,43074,18.340476451829023,23387,0,4.229037737832261,5913
2006-07-01,2006,Jul,Sedan,35491,16.99653775902497,23726,0,3.6319157745955124,5373
2006-07-01,2006,Jul,SUV,40351,17.27035085092146,34281,0,4.70759826128572,3625
2006-07-01,2006,Jul,Truck,35358,16.142653723277476,21267,0,3.6753486723489273,2825
2006-07-01,2006,Jul,Hatchback,15412,19.428016640770043,25543,0,5.952550247462371,2728
2006-08-01,2006,Aug,Sedan,33888,17.05544871410233,20967,0,5.376754649952326,4786
2006-08-01,2006,Aug,SUV,20104,17.96864760905378,20143,0,4.617327383308782,3687
2006-08-01,2006,Aug,Truck,35150,18.270738758249323,23644,0,5.571041524117509,4326
2006-08-01,2006,Aug,Hatchback,29397,17.388126970843057,26787,0,4.761623055972466,2728
2006-09-01,2006,Sep,Sedan,28923,19.022929456942446,34779,0,4.189733243406544,6171
2006-09-01,2006,Sep,SUV,47307,18.588062834598894,39330,0,4.375474752406316,5577
2006-09-01,2006,Sep,Truck,38576,16.77266897514979,29130,0,6.592387275685461,5636
2006-09-01,2006,Sep,Hatchback,33540,18.93617972557823,39545,0,5.12834550926428,4982
2006-10-01,2006,Oct,Sedan,39394,18.486777474561833,24801,0,6.17529324966822,6846
2006-10-01,2006,Oct,SUV,22056,18.619397181413436,29516,0,3.9362754471960253,5301
2006-10-01,2006,Oct,Truck,42569,18.367449856663086,37065,0,3.9930568246288702,3217
2006-10-01,2006,Oct,Hatchback,16324,19.731531507613386,21141,0,4.0226182694246795,5486
2006-11-01,2006,Nov,Sedan,41790,14.490605154534903,38570,0,4.14846320137955,2713
2006-11-01,2006,Nov,SUV,24435,17.54651363688554,21709,0,4.495437171009704,3081
2006-11-01,2006,Nov,Truck,40470,19.277916701347028,27576,0,5.268339454305004,3958
2006-11-01,2006,Nov,Hatchback,15504,18.77901977136176,19214,0,6.032738913002578,3531
2006-12-01,2006,Dec,Sedan,17105,19.03521598756667,21627,0,4.0987795281141635,6780
2006-12-01,2006,Dec,SUV,26003,18.10447899677832,39732,0,5.483504306358465,3250
2006-12-01,2006,Dec,Truck,21190,17.292120388064788,35640,0,4.717206477893065,5376
2006-12-01,2006,Dec,Hatchback,18330,17.352086697587442,37087,0,6.35996700648693,2470
2007-01-01,2007,Jan,Sedan,44703,21.28470439982651,27337,0,3.6917017146448483,6185
2007-01-01,2007,Jan,SUV,48307,15.971324167635004,22964,0,3.9415796305672397,6136
2007-01-01,2007,Jan,Truck,28216,17.514940801495197,20779,0,2.8398825794436666,2924
2007-01-01,2007,Jan,Hatchback,19804,17.815816876263728,36222,0,5.14889324125355,3944
2007-02-01,2007,Feb,Sedan,38793,19.05036443004363,23124,0,4.367700556057537,3015
2007-02-01,2007,Feb,SUV,23415,19.76916018108193,31550,0,4.030824347895296,6948
2007-02-01,2007,Feb,Truck,21970,17.076321232848432,24938,0,5.936183468077766,6784
2007-02-01,2007,Feb,Hatchback,23702,17.828190232121074,18384,0,5.737816311973462,2404
2007-03-01,2007,Mar,Sedan,38524,18.007865549577275,21636,0,4.546980593764742,4724
2007-03-01,2007,Mar,SUV,49816,17.03358722974808,30338,0,5.855970385308192,6780
2007-03-01,2007,Mar,Truck,41657,15.947114826687214,21419,0,5.035491809975205,3574
2007-03-01,2007,Mar,Hatchback,43538,18.363500529124668,22363,0,6.547398921130238,3984
2007-04-01,2007,Apr,Sedan,39285,21.09112188732298,22858,0,6.255340842443204,3848
2007-04-01,2007,Apr,SUV,30254,17.155112082809456,29470,0,7.0392577912108925,3252
2007-04-01,2007,Apr,Truck,30781,20.23356776082672,31051,0,5.377825168480114,3329
2007-04-01,2007,Apr,Hatchback,38386,15.403690344351649,28209,0,5.944338791981811,3331
2007-05-01,2007,May,Sedan,19637,14.956153717359017,22854,0,6.461303471963637,5177
2007-05-01,2007,May,SUV,42169,15.444926340967267,25941,0,4.444452301103381,6300
2007-05-01,2007,May,Truck,21254,18.563382101987468,35144,0,3.1284106202768758,5445
2007-05-01,2007,May,Hatchback,33271,16.637918934644343,21266,0,5.061033067471061,2666
2007-06-01,2007,Jun,Sedan,26314,16.521410930496685,39508,0,5.004046515517844,6699
2007-06-01,2007,Jun,SUV,31907,17.646210287773986,36777,0,4.423236090971668,5117
2007-06-01,2007,Jun,Truck,31282,18.086211004536445,28488,0,2.217197509959202,4261
2007-06-01,2007,Jun,Hatchback,29178,19.277031396900764,35660,0,3.879636277464448,4766
2007-07-01,2007,Jul,Sedan,23717,19.19953683387781,26150,0,4.569005511359033,4125
2007-07-01,2007,Jul,SUV,19621,20.467451570251924,33034,0,4.250963960443622,6978
2007-07-01,2007,Jul,Truck,34181,18.86483544458365,23870,0,4.811250154543536,3531
2007-07-01,2007,Jul,Hatchback,49674,17.80812361277885,21086,0,3.5444595593995745,6580
2007-08-01,2007,Aug,Sedan,44926,18.389882203703593,24229,0,3.208963929101885,2125
2007-08-01,2007,Aug,SUV,23258,20.530712452608846,34616,0,5.3816397569494505,4156
2007-08-01,2007,Aug,Truck,41069,21.85998742816565,32369,0,3.8759832711114215,6718
2007-08-01,2007,Aug,Hatchback,21738,17.339243161689712,33913,0,6.08203818296378,4472
2007-09-01,2007,Sep,Sedan,49529,19.06718139779224,28167,0,4.210622052867309,4362
2007-09-01,2007,Sep,SUV,42285,18.04153639742432,36117,0,4.627365478537156,3605
2007-09-01,2007,Sep,Truck,25589,17.02403614631726,31918,0,4.012874616235304,5735
2007-09-01,2007,Sep,Hatchback,25787,14.245860717506677,27111,0,5.184642201555168,2005
2007-10-01,2007,Oct,Sedan,37350,18.585379903474713,26837,0,4.415091167504167,2117
2007-10-01,2007,Oct,SUV,28234,16.913997305093552,23560,0,3.9674196977795955,6289
2007-10-01,2007,Oct,Truck,37700,21.06498073452346,24469,0,6.119612155437311,3141
2007-10-01,2007,Oct,Hatchback,17048,16.63546057477732,24233,0,5.138623649837644,6749
2007-11-01,2007,Nov,Sedan,35618,18.95788868816606,24988,0,2.83847993773104,4026
2007-11-01,2007,Nov,SUV,15009,15.405629860486282,34644,0,5.741713959652344,3673
2007-11-01,2007,Nov,Truck,34216,17.097046981655424,37208,0,5.26025109463536,3994
2007-11-01,2007,Nov,Hatchback,43253,21.584817408327485,27310,0,3.8955855218682878,3604
2007-12-01,2007,Dec,Sedan,20256,18.556718810056964,37019,0,3.8960148132841796,3570
2007-12-01,2007,Dec,SUV,20951,18.275267734631605,39852,0,4.853157623222666,5850
2007-12-01,2007,Dec,Truck,38325,17.108225920913625,39204,0,5.088328518460642,4898
2007-12-01,2007,Dec,Hatchback,35611,18.43466228534462,34984,0,6.575400798645439,3065
2008-01-01,2008,Jan,Sedan,17510,15.801820883245917,24943,1,6.591924626978448,5762
2008-01-01,2008,Jan,SUV,12670,15.061886550454512,36574,1,9.208450525866182,2992
2008-01-01,2008,Jan,Truck,20790,14.490391060646244,38417,1,6.780899471191136,3997
2008-01-01,2008,Jan,Hatchback,25586,10.566408114600504,39951,1,8.432481917452506,4035
2008-02-01,2008,Feb,Sedan,26588,14.71937138664963,28789,1,8.583030793956535,3120
2008-02-01,2008,Feb,SUV,10336,15.45511666687059,23373,1,7.720773049140577,4243
2008-02-01,2008,Feb,Truck,21946,16.264656968689437,36249,1,7.402034480046922,4912
2008-02-01,2008,Feb,Hatchback,14371,14.130552842220009,24359,1,6.052658620057875,5228
2008-03-01,2008,Mar,Sedan,26755,12.472070827843268,20891,1,9.976196928154973,5756
2008-03-01,2008,Mar,SUV,14898,15.30440888015849,28147,1,8.35563785880495,2793
2008-03-01,2008,Mar,Truck,20298,12.83931620134464,32153,1,5.755345296688583,4919
2008-03-01,2008,Mar,Hatchback,8814,11.331919626643582,34729,1,8.496044311489182,4349
2008-04-01,2008,Apr,Sedan,15783,15.1428784796535,29473,1,7.21265576238302,2984
2008-04-01,2008,Apr,SUV,27915,15.301773554994773,25147,1,6.063485982503264,6451
2008-04-01,2008,Apr,Truck,29493,13.096028292042027,38530,1,8.301849168160095,5533
2008-04-01,2008,Apr,Hatchback,11476,12.515592769612129,21417,1,6.874213079900352,3645
2008-05-01,2008,May,Sedan,11072,14.628259120802731,19854,1,6.610711808272507,6021
2008-05-01,2008,May,SUV,10708,17.80803665260623,29694,1,7.523952667107793,3332
2008-05-01,2008,May,Truck,12212,15.606494700807882,31224,1,6.417199398587003,2574
2008-05-01,2008,May,Hatchback,15973,15.57767520052385,26577,1,6.752632249139896,5281
2008-06-01,2008,Jun,Sedan,14783,15.260790875377335,31226,1,6.961508279980259,2954
2008-06-01,2008,Jun,SUV,20951,12.311871488379667,30312,1,6.85096333327047,3990
2008-06-01,2008,Jun,Truck,12757,15.558239217667893,37097,1,6.301783971684648,4203
2008-06-01,2008,Jun,Hatchback,12944,14.117613383759116,31395,1,5.515298428482928,5432
2008-07-01,2008,Jul,Sedan,29566,13.596666964167754,27916,1,5.89347409125833,6422
2008-07-01,2008,Jul,SUV,10482,12.983650680899439,18951,1,7.149286563472478,2722
2008-07-01,2008,Jul,Truck,28908,13.327959290299654,27692,1,4.875901925669826,2285
2008-07-01,2008,Jul,Hatchback,8768,14.454658499150868,23490,1,8.166500829925106,5057
2008-08-01,2008,Aug,Sedan,19485,10.023545287410482,23797,1,8.091506851922462,2946
2008-08-01,2008,Aug,SUV,20342,13.485968608879476,26038,1,6.628559134004209,6895
2008-08-01,2008,Aug,Truck,27835,14.770693120370916,32422,1,6.705633338981694,2054
2008-08-01,2008,Aug,Hatchback,23708,14.72797399484068,29271,1,6.2273328577265294,2832
2008-09-01,2008,Sep,Sedan,18682,11.566214554703372,34380,1,7.340988352277134,2327
2008-09-01,2008,Sep,SUV,14722,14.148118666456002,25218,1,6.869654854012792,5675
2008-09-01,2008,Sep,Truck,10143,13.473977708181819,39591,1,6.770783948446408,3311
2008-09-01,2008,Sep,Hatchback,28931,14.35197800773263,26356,1,7.252755507537887,6277
2008-10-01,2008,Oct,Sedan,25327,13.01415002282376,32289,1,6.062644317776679,6425
2008-10-01,2008,Oct,SUV,16705,11.4953312418974,28112,1,8.764686934262718,5594
2008-10-01,2008,Oct,Truck,12566,12.943484464185861,29382,1,5.591538703636441,6491
2008-10-01,2008,Oct,Hatchback,9279,13.286704183753475,31192,1,8.015686945063484,5577
2008-11-01,2008,Nov,Sedan,23517,13.182621369786576,37063,1,7.399136114352071,4106
2008-11-01,2008,Nov,SUV,27152,14.17134147299306,21186,1,7.150301761461877,5280
2008-11-01,2008,Nov,Truck,16428,14.461702653338088,19304,1,5.289831607343374,5430
2008-11-01,2008,Nov,Hatchback,26925,14.926084714580488,36435,1,5.799830003598391,2441
2008-12-01,2008,Dec,Sedan,16996,14.445960468274734,34458,1,7.622799831463922,4175
2008-12-01,2008,Dec,SUV,15184,14.293767882646522,30875,1,6.021627222384968,3622
2008-12-01,2008,Dec,Truck,12263,12.651800137636304,32060,1,6.0903661025100275,2454
2008-12-01,2008,Dec,Hatchback,11028,15.77926727348618,37065,1,7.2571381300939715,5629
2009-01-01,2009,Jan,Sedan,19555,13.477980370554741,39874,1,7.198558362896292,6889
2009-01-01,2009,Jan,SUV,19046,15.23662308238619,35717,1,6.875386218656531,6193
2009-01-01,2009,Jan,Truck,29792,14.779808339524974,25715,1,6.881676577319009,2750
2009-01-01,2009,Jan,Hatchback,23850,14.911350296497037,30112,1,5.480820017013823,6460
2009-02-01,2009,Feb,Sedan,15617,14.561877664176468,19524,1,5.951171665918324,4120
2009-02-01,2009,Feb,SUV,9240,14.269768128092089,18060,1,6.665147727623887,2938
2009-02-01,2009,Feb,Truck,20418,12.582963968695354,19252,1,9.302911897723114,6203
2009-02-01,2009,Feb,Hatchback,26706,12.368328597107357,34314,1,7.92948250734477,6090
2009-03-01,2009,Mar,Sedan,28491,14.326261858540342,19341,1,8.945871284827684,5663
2009-03-01,2009,Mar,SUV,27092,14.570296776508945,29344,1,7.6105857452838235,3750
2009-03-01,2009,Mar,Truck,13319,15.256546157600733,33896,1,8.367985307442414,5726
2009-03-01,2009,Mar,Hatchback,21849,13.57502702625108,22873,1,7.122053934503005,6806
2009-04-01,2009,Apr,Sedan,12430,11.071269690483977,26820,1,6.7205009341999595,6232
2009-04-01,2009,Apr,SUV,17018,13.710830319142088,19500,1,6.845963284033267,5294
2009-04-01,2009,Apr,Truck,12497,14.042477564195691,35850,1,7.0297561394957455,5561
2009-04-01,2009,Apr,Hatchback,27607,16.021783671993553,20667,1,8.297406114862625,2130
2009-05-01,2009,May,Sedan,28662,12.436272688659292,30651,1,8.277926829238165,2038
2009-05-01,2009,May,SUV,29852,14.618855594966183,33317,1,5.070315403685843,2920
2009-05-01,2009,May,Truck,21737,14.21794435961156,27323,1,8.713573990822205,5521
2009-05-01,2009,May,Hatchback,11810,15.070099385308168,25206,1,7.047017213123745,2813
2009-06-01,2009,Jun,Sedan,16436,15.834756425887186,30984,1,6.316568209869877,2271
2009-06-01,2009,Jun,SUV,11430,13.331746217898843,38819,1,8.453384477117702,6484
2009-06-01,2009,Jun,Truck,10033,11.207976644484765,18145,1,6.700261423390797,6388
2009-06-01,2009,Jun,Hatchback,23152,13.947972668919828,27155,1,7.234214732536521,4234
2009-07-01,2009,Jul,Sedan,16202,13.751415420280077,19868,1,6.174415156982539,6867
2009-07-01,2009,Jul,SUV,11564,15.750654371575454,19389,1,8.621108557787716,5401
2009-07-01,2009,Jul,Truck,25320,13.807682710857334,28745,1,6.49886003272143,5845
2009-07-01,2009,Jul,Hatchback,8726,14.772909279480148,37120,1,8.194181962551069,5170
2009-08-01,2009,Aug,Sedan,18106,14.947169440300907,25657,1,9.45384217414571,4466
2009-08-01,2009,Aug,SUV,22551,15.19385975727121,25906,1,8.0485309385076,6069
2009-08-01,2009,Aug,Truck,12675,16.067412179503584,19933,1,7.683585745201083,3380
2009-08-01,2009,Aug,Hatchback,25602,13.08081696427342,23016,1,6.6122984400640155,3355
2009-09-01,2009,Sep,Sedan,17752,13.896466227505659,35338,1,6.8124213357297485,2983
2009-09-01,2009,Sep,SUV,17105,13.646814916692959,26228,1,7.102128920871033,5387
2009-09-01,2009,Sep,Truck,26546,14.064907542116435,37129,1,8.030473420435829,3591
2009-09-01,2009,Sep,Hatchback,9312,14.817001166477585,38695,1,9.016887544186917,4383
2009-10-01,2009,Oct,Sedan,26088,15.399494963975853,24924,1,7.4216849239122595,2362
2009-10-01,2009,Oct,SUV,29179,14.476707753802826,34106,1,6.370483451950916,2556
2009-10-01,2009,Oct,Truck,19700,13.749322879524719,21741,1,7.146713686433323,3574
2009-10-01,2009,Oct,Hatchback,24077,14.553009963309352,18294,1,6.606661187672639,3985
2009-11-01,2009,Nov,Sedan,9136,15.226629043814075,20064,1,5.510606940350694,6455
2009-11-01,2009,Nov,SUV,9007,15.129956403616474,23445,1,5.649751588057175,4514
2009-11-01,2009,Nov,Truck,17439,14.374075525566132,31281,1,8.577453279763475,5902
2009-11-01,2009,Nov,Hatchback,13084,12.221869992979533,34661,1,6.601107507746449,3887
2009-12-01,2009,Dec,Sedan,16073,14.73562935755415,27077,1,6.396219760937931,4752
2009-12-01,2009,Dec,SUV,29730,13.120177867217986,39427,1,8.910804588458785,4428
2009-12-01,2009,Dec,Truck,19296,13.056392041895856,25813,1,6.831444125937239,5999
2009-12-01,2009,Dec,Hatchback,19801,15.098185410999609,29745,1,8.080069000322165,3453
2010-01-01,2010,Jan,Sedan,38650,19.01744911678806,24540,0,4.451970469285824,2038
2010-01-01,2010,Jan,SUV,32482,19.947989601246505,36207,0,4.6076798697266055,5201
2010-01-01,2010,Jan,Truck,26722,16.91484477883976,38162,0,5.231145529257608,4896
2010-01-01,2010,Jan,Hatchback,43602,18.646260366500623,38563,0,4.743307664128365,3682
2010-02-01,2010,Feb,Sedan,34982,19.346832808140512,29425,0,4.293432831568671,3980
2010-02-01,2010,Feb,SUV,32175,18.5306441684878,33883,0,4.212047778097194,3809
2010-02-01,2010,Feb,Truck,49375,17.876773232411146,39563,0,5.617295831588128,2984
2010-02-01,2010,Feb,Hatchback,23782,18.514088019566557,35434,0,4.956753219153784,5633
2010-03-01,2010,Mar,Sedan,32343,18.964084139801315,24059,0,5.829152530132431,2692
2010-03-01,2010,Mar,SUV,26536,17.757561381806294,31547,0,3.1587253289817134,3875
2010-03-01,2010,Mar,Truck,24208,15.96259320491497,23109,0,4.183902131563473,2116
2010-03-01,2010,Mar,Hatchback,44759,15.819860254088391,38172,0,6.465327508453712,4768
2010-04-01,2010,Apr,Sedan,41143,17.321540521126384,24154,0,2.0761206733710433,2728
2010-04-01,2010,Apr,SUV,45087,18.55819708663974,35162,0,4.978872163931836,2213
2010-04-01,2010,Apr,Truck,23783,17.069093604090725,31621,0,4.936713966890339,4720
2010-04-01,2010,Apr,Hatchback,21368,17.668553739255504,32056,0,4.526885838994531,6044
2010-05-01,2010,May,Sedan,30525,15.921942201495401,18089,0,3.3926804866536884,3709
2010-05-01,2010,May,SUV,15105,19.37895430456163,27078,0,5.052524085258385,2427
2010-05-01,2010,May,Truck,16925,18.413265843522378,36440,0,3.7014546843938176,5144
2010-05-01,2010,May,Hatchback,40291,18.08944555488026,39767,0,3.853063222294426,5911
2010-06-01,2010,Jun,Sedan,28629,19.3427898300416,20430,0,5.135171801681969,4054
2010-06-01,2010,Jun,SUV,26653,18.977113921390533,34405,0,6.476544273728228,2409
2010-06-01,2010,Jun,Truck,44545,17.13044863278956,22109,0,4.475895121847499,4134
2010-06-01,2010,Jun,Hatchback,32650,17.55254475817283,38022,0,6.663656499224738,2749
2010-07-01,2010,Jul,Sedan,17356,16.452635629694765,22790,0,3.97070176245378,4335
2010-07-01,2010,Jul,SUV,31082,22.447515527581082,18661,0,4.403371093376779,6644
2010-07-01,2010,Jul,Truck,43706,16.30825916924804,30732,0,5.064277388026737,2352
2010-07-01,2010,Jul,Hatchback,15956,17.49506590901826,20071,0,4.851754676593713,2403
2010-08-01,2010,Aug,Sedan,48723,20.07666316752847,24295,0,5.257455749317041,3712
2010-08-01,2010,Aug,SUV,40849,21.89035725578829,30003,0,4.9122184022439335,4625
2010-08-01,2010,Aug,Truck,27201,19.975415344848845,35778,0,4.939302757681471,6281
2010-08-01,2010,Aug,Hatchback,34342,20.21481052458884,37975,0,5.880091354147451,4147
2010-09-01,2010,Sep,Sedan,19648,18.485700191408917,20365,0,4.20851002100651,3525
2010-09-01,2010,Sep,SUV,19599,17.76490440266621,20278,0,5.56240150987512,5155
2010-09-01,2010,Sep,Truck,41616,16.266647927841426,20113,0,4.819223342195547,3252
2010-09-01,2010,Sep,Hatchback,35939,18.025327587629842,30588,0,4.406234550477329,5374
2010-10-01,2010,Oct,Sedan,48397,18.649717153847863,34653,0,4.200490861827792,4639
2010-10-01,2010,Oct,SUV,34816,14.857263715980022,27472,0,4.754173892246202,4360
2010-10-01,2010,Oct,Truck,34576,17.47702179838821,21178,0,4.150742295681571,4734
2010-10-01,2010,Oct,Hatchback,24847,17.517547423173927,32135,0,6.576747983560841,4203
2010-11-01,2010,Nov,Sedan,32658,18.260862062484758,35340,0,5.5894367093604345,3939
2010-11-01,2010,Nov,SUV,40892,17.892598110878904,18281,0,4.462777763490158,4844
2010-11-01,2010,Nov,Truck,25724,16.14398753182943,23178,0,5.129248971893585,3008
2010-11-01,2010,Nov,Hatchback,16239,20.573634012009368,23370,0,5.271881995035432,2125
2010-12-01,2010,Dec,Sedan,30398,18.209013890431898,39726,0,4.952534891821335,5249
2010-12-01,2010,Dec,SUV,37911,18.64180601578558,23757,0,2.4121109653993913,6403
2010-12-01,2010,Dec,Truck,19470,16.592298134691227,28225,0,5.144268159509302,3364
2010-12-01,2010,Dec,Hatchback,28669,18.414853728892393,22612,0,3.8492864626549106,3518
2011-01-01,2011,Jan,Sedan,30577,18.820823907085504,33504,0,3.582840194803964,5719
2011-01-01,2011,Jan,SUV,45659,18.56009428787033,21072,0,5.007015764487192,5124
2011-01-01,2011,Jan,Truck,23125,19.25877730157447,21291,0,6.315372684826906,6033
2011-01-01,2011,Jan,Hatchback,21924,17.90379248011051,38212,0,4.82876241030348,5230
2011-02-01,2011,Feb,Sedan,44165,18.8466044818399,19667,0,4.855550629674353,3637
2011-02-01,2011,Feb,SUV,46116,19.352211944921677,19000,0,4.361137412805328,2850
2011-02-01,2011,Feb,Truck,41200,17.52066485652138,37156,0,5.448176825362301,5726
2011-02-01,2011,Feb,Hatchback,49958,20.00717282467152,27108,0,6.086373880159016,5986
2011-03-01,2011,Mar,Sedan,23927,16.51291147581554,32437,0,2.346609886396285,5338
2011-03-01,2011,Mar,SUV,40537,20.463022740204554,20989,0,5.509817089342635,5848
2011-03-01,2011,Mar,Truck,41523,19.47264823048739,19177,0,4.175168616491377,6760
2011-03-01,2011,Mar,Hatchback,26556,15.915641299854606,29563,0,2.854601253043108,4830
2011-04-01,2011,Apr,Sedan,31173,19.533661428590715,31178,0,2.3142895175246574,3004
2011-04-01,2011,Apr,SUV,19431,17.594100162504944,39627,0,5.761820412934108,2714
2011-04-01,2011,Apr,Truck,21012,16.17404271620548,35347,0,4.017953205171783,2372
2011-04-01,2011,Apr,Hatchback,21894,16.517113339273624,31467,0,3.396410682784229,2105
2011-05-01,2011,May,Sedan,38171,20.271776343884373,20137,0,5.273083189177527,5416
2011-05-01,2011,May,SUV,44734,16.41204097590438,25052,0,4.563165459307173,5654
2011-05-01,2011,May,Truck,23636,19.42340998475639,24441,0,3.8378874831755905,2035
2011-05-01,2011,May,Hatchback,36675,16.76606787676635,23495,0,4.349658077419097,3708
2011-06-01,2011,Jun,Sedan,30222,18.707941999869913,19300,0,4.639215408644903,3243
2011-06-01,2011,Jun,SUV,31393,16.947012468289866,28617,0,3.837099082449052,3660
2011-06-01,2011,Jun,Truck,49084,18.264766914244117,30337,0,4.765403828348537,5683
2011-06-01,2011,Jun,Hatchback,15145,20.729359570047983,23010,0,3.6718060187342365,5040
2011-07-01,2011,Jul,Sedan,41160,16.28681018505574,34866,0,4.2496812882670065,5179
2011-07-01,2011,Jul,SUV,26695,17.46883853782802,20852,0,4.953537833745176,4466
2011-07-01,2011,Jul,Truck,24160,19.445818675192363,35484,0,6.710523001591351,2440
2011-07-01,2011,Jul,Hatchback,19358,18.47157524108227,29543,0,4.497916202579816,6795
2011-08-01,2011,Aug,Sedan,48893,18.58494087904485,28793,0,5.704068018884884,3190
2011-08-01,2011,Aug,SUV,22843,16.8770470289455,32210,0,5.36810314295793,2072
2011-08-01,2011,Aug,Truck,17472,16.34883107574497,35091,0,3.7887013752394623,3804
2011-08-01,2011,Aug,Hatchback,25756,16.86143932918703,20475,0,4.533458770992302,5610
2011-09-01,2011,Sep,Sedan,49503,15.981947321646752,26258,0,5.324014830598352,5061
2011-09-01,2011,Sep,SUV,23533,17.630236961168787,23249,0,2.9619642922345593,4774
2011-09-01,2011,Sep,Truck,24686,15.750618815695601,32109,0,3.1703566977606923,6211
2011-09-01,2011,Sep,Hatchback,25526,18.144650578190234,21374,0,3.8191127179609183,3016
2011-10-01,2011,Oct,Sedan,38197,17.5097455604068,18632,0,3.3102384582679,4102
2011-10-01,2011,Oct,SUV,35103,16.89670508611535,25123,0,5.736093175210438,4562
2011-10-01,2011,Oct,Truck,41116,16.36153085299113,26555,0,4.183591550305198,4368
2011-10-01,2011,Oct,Hatchback,35421,18.11278063140928,22895,0,5.727050059970152,3012
2011-11-01,2011,Nov,Sedan,34169,18.75560406931864,38109,0,5.082395959984063,6576
2011-11-01,2011,Nov,SUV,33792,16.97694842520103,34724,0,3.3255101175068615,4817
2011-11-01,2011,Nov,Truck,33073,18.130779606309645,21267,0,5.208089121856677,6406
2011-11-01,2011,Nov,Hatchback,25382,18.673516445128403,22437,0,3.969492377061843,2243
2011-12-01,2011,Dec,Sedan,49594,18.12274403782135,29421,0,4.401110346808857,5287
2011-12-01,2011,Dec,SUV,43495,20.66131875620703,25693,0,4.760265558367727,2072
2011-12-01,2011,Dec,Truck,22373,17.348834730756028,23907,0,3.9562205667766603,6361
2011-12-01,2011,Dec,Hatchback,44984,17.66228020897497,38643,0,4.697578922051408,2094
2012-01-01,2012,Jan,Sedan,23429,21.697316453786524,32716,0,4.199859715607508,4946
2012-01-01,2012,Jan,SUV,32347,16.800691618150974,34920,0,4.851547958825889,6223
2012-01-01,2012,Jan,Truck,48613,15.296386638758674,37420,0,3.853470478807562,4494
2012-01-01,2012,Jan,Hatchback,35733,16.185457885738337,23179,0,5.099928729996204,4710
2012-02-01,2012,Feb,Sedan,41526,17.679835693604687,39559,0,5.990726136849952,2456
2012-02-01,2012,Feb,SUV,20448,16.153836681350878,35563,0,4.239659509278239,6285
2012-02-01,2012,Feb,Truck,38291,16.845346683178686,26800,0,3.93954490172006,3638
2012-02-01,2012,Feb,Hatchback,49171,16.90049090508504,27011,0,3.756709997035033,5292
2012-03-01,2012,Mar,Sedan,30422,18.74929047764311,27700,0,6.788682068797672,2767
2012-03-01,2012,Mar,SUV,41715,17.239338158801086,19549,0,3.3289581458241457,3764
2012-03-01,2012,Mar,Truck,19481,18.627309919131804,24548,0,4.3981842579704304,4293
2012-03-01,2012,Mar,Hatchback,39022,18.58044794828181,25993,0,5.867657331470147,2900
2012-04-01,2012,Apr,Sedan,19795,16.50884065043671,28634,0,4.469061002844376,6798
2012-04-01,2012,Apr,SUV,44300,15.385763502399637,28749,0,4.495038015959962,2545
2012-04-01,2012,Apr,Truck,36223,19.752326582725296,25394,0,3.6370946612495016,5804
2012-04-01,2012,Apr,Hatchback,45911,16.687769429885822,18016,0,2.2236264914079977,5191
2012-05-01,2012,May,Sedan,18631,19.713489681807527,24172,0,3.3791776344796127,3120
2012-05-01,2012,May,SUV,42425,17.867486011486356,35159,0,5.4213496029864965,6026
2012-05-01,2012,May,Truck,23080,15.735867129889856,25099,0,4.224272747532674,5926
2012-05-01,2012,May,Hatchback,45111,16.21306479106829,25083,0,4.562685396886873,4148
2012-06-01,2012,Jun,Sedan,43082,19.189584570986142,20711,0,5.7277522598193,5088
2012-06-01,2012,Jun,SUV,24866,15.979310565705456,22531,0,3.5283859614893487,6494
2012-06-01,2012,Jun,Truck,25759,16.385008598213506,23439,0,2.7213691667901965,3573
2012-06-01,2012,Jun,Hatchback,38888,18.044668894851934,35630,0,3.6520201223446658,5719
2012-07-01,2012,Jul,Sedan,46182,18.910696651175428,29824,0,5.811158886318105,3827
2012-07-01,2012,Jul,SUV,27504,19.992291212773587,38669,0,5.05623000940066,2369
2012-07-01,2012,Jul,Truck,20978,16.828469356102666,39991,0,4.129493698310481,2769
2012-07-01,2012,Jul,Hatchback,18983,20.183428035121675,27503,0,6.299271575019,5359
2012-08-01,2012,Aug,Sedan,38953,16.71939519797263,30232,0,4.859209400457841,6583
2012-08-01,2012,Aug,SUV,26889,15.393405367423062,30275,0,2.552116486678837,4461
2012-08-01,2012,Aug,Truck,48453,18.315855050937696,36544,0,5.0124995522215166,5988
2012-08-01,2012,Aug,Hatchback,25736,19.290710232539617,22875,0,3.9169225614310617,3256
2012-09-01,2012,Sep,Sedan,30997,21.1934198336184,32215,0,5.188678023685426,2301
2012-09-01,2012,Sep,SUV,29571,19.332898320496312,27951,0,5.234449033487655,6351
2012-09-01,2012,Sep,Truck,38387,18.48941200627003,34140,0,4.530311657494342,5537
2012-09-01,2012,Sep,Hatchback,39858,18.483736073509228,33921,0,3.817669370142506,5678
2012-10-01,2012,Oct,Sedan,44739,16.20585415226343,28517,0,4.460261095193825,5754
2012-10-01,2012,Oct,SUV,23706,19.205168718548375,26894,0,5.352166788251833,3653
2012-10-01,2012,Oct,Truck,20926,20.71706254299747,24251,0,5.123548856901637,3304
2012-10-01,2012,Oct,Hatchback,37656,17.066432707513794,34898,0,4.978089996627456,2448
2012-11-01,2012,Nov,Sedan,44545,16.71673296303262,29754,0,3.879154780717357,4520
2012-11-01,2012,Nov,SUV,29566,20.50485675652711,32042,0,4.894671529822981,2922
2012-11-01,2012,Nov,Truck,34363,16.519377344567967,32933,0,5.986747135799774,4281
2012-11-01,2012,Nov,Hatchback,34873,16.82265253037664,25604,0,5.148280433843859,4634
2012-12-01,2012,Dec,Sedan,27087,18.951361714588835,35508,0,4.975285589319892,2697
2012-12-01,2012,Dec,SUV,33313,16.774221800086508,32871,0,2.405879372336223,3013
2012-12-01,2012,Dec,Truck,28109,15.451726200294532,20023,0,5.957195759956246,6966
2012-12-01,2012,Dec,Hatchback,30379,19.74982288646551,28822,0,3.927002195009054,4563
2013-01-01,2013,Jan,Sedan,38225,20.688233866140948,24643,0,4.581100244040021,4947
2013-01-01,2013,Jan,SUV,31029,17.970036856920146,34977,0,3.833479518726485,5259
2013-01-01,2013,Jan,Truck,20997,17.989435801612895,30693,0,5.812408621742632,2663
2013-01-01,2013,Jan,Hatchback,28428,19.67385308004804,29166,0,3.8507344219240753,2867
2013-02-01,2013,Feb,Sedan,44411,13.839655705629827,23469,0,5.300936639629462,6278
2013-02-01,2013,Feb,SUV,48598,16.68353637036064,19651,0,5.2824934947006215,3136
2013-02-01,2013,Feb,Truck,31184,20.270174614863198,19019,0,5.130811684554778,3836
2013-02-01,2013,Feb,Hatchback,45447,18.683534503000878,36394,0,3.4182971604195984,2398
2013-03-01,2013,Mar,Sedan,29472,19.72111399528741,30889,0,4.195776118828186,5471
2013-03-01,2013,Mar,SUV,23329,18.45567046423576,20097,0,3.123308459361918,5696
2013-03-01,2013,Mar,Truck,39570,20.530481794538087,36284,0,6.17393841812252,4610
2013-03-01,2013,Mar,Hatchback,22999,19.54944592072921,28195,0,4.305054791571042,4096
2013-04-01,2013,Apr,Sedan,41201,19.040783644511883,37715,0,4.397164479775601,6733
2013-04-01,2013,Apr,SUV,44312,17.958727642424044,20839,0,6.272251596669744,5384
2013-04-01,2013,Apr,Truck,22736,17.3035194832538,25710,0,4.153915582827592,3619
2013-04-01,2013,Apr,Hatchback,30261,18.530224358923,19431,0,4.621505011401715,2875
2013-05-01,2013,May,Sedan,23461,16.568907378380516,35015,0,3.546395386980302,2905
2013-05-01,2013,May,SUV,24833,19.370376939349875,25896,0,3.696821049319655,2204
2013-05-01,2013,May,Truck,20347,16.923264920922417,20643,0,4.015639055727645,4297
2013-05-01,2013,May,Hatchback,32073,15.078170044104791,22000,0,5.2837187818145654,5141
2013-06-01,2013,Jun,Sedan,26918,18.370616066709456,27135,0,4.587331057915409,3449
2013-06-01,2013,Jun,SUV,37669,18.731039704785577,23432,0,5.0553793476332185,6260
2013-06-01,2013,Jun,Truck,46703,16.334400724055968,36322,0,5.067055517388103,2370
2013-06-01,2013,Jun,Hatchback,31376,18.119990070838714,24588,0,4.847906116324886,2424
2013-07-01,2013,Jul,Sedan,48365,16.76532290797788,37446,0,4.335820588379495,4336
2013-07-01,2013,Jul,SUV,22521,16.476267271532404,24171,0,4.561679849847971,4090
2013-07-01,2013,Jul,Truck,36008,18.264662332915837,19633,0,4.132972160916678,3517
2013-07-01,2013,Jul,Hatchback,28140,16.39179148202159,35921,0,1.5786495165053926,5137
2013-08-01,2013,Aug,Sedan,23535,20.448978746545695,39797,0,4.23908773388287,6666
2013-08-01,2013,Aug,SUV,49622,17.02913904301793,28800,0,4.441118190097275,4079
2013-08-01,2013,Aug,Truck,24283,16.936449432502943,31171,0,3.989563947573033,4791
2013-08-01,2013,Aug,Hatchback,42624,17.459289893693107,24823,0,5.011415500929954,4105
2013-09-01,2013,Sep,Sedan,49881,18.55084844913332,34280,0,6.088044156069582,5970
2013-09-01,2013,Sep,SUV,33658,18.125020606489866,39253,0,5.381284781432768,3814
2013-09-01,2013,Sep,Truck,47658,17.360463605691685,24852,0,5.648445709196755,6402
2013-09-01,2013,Sep,Hatchback,48243,17.20907108363967,39800,0,3.9876703255776964,4211
2013-10-01,2013,Oct,Sedan,36384,16.584925425945098,39038,0,3.3760985331349067,4285
2013-10-01,2013,Oct,SUV,44139,16.171328083021177,37909,0,4.61772121738091,5339
2013-10-01,2013,Oct,Truck,26116,18.570118062662658,18258,0,3.3813806655664402,2282
2013-10-01,2013,Oct,Hatchback,38551,17.49783700184019,18612,0,4.096351536758004,2687
2013-11-01,2013,Nov,Sedan,26205,17.700706990005887,23906,0,3.336810538946361,4591
2013-11-01,2013,Nov,SUV,40150,18.51017655960697,28102,0,3.957531933293804,5604
2013-11-01,2013,Nov,Truck,48691,16.616230904434378,19125,0,5.673726997742588,3529
2013-11-01,2013,Nov,Hatchback,31154,16.21648307642995,26004,0,4.244748057897747,3560
2013-12-01,2013,Dec,Sedan,38172,17.24684549385168,18226,0,5.058690966033275,5547
2013-12-01,2013,Dec,SUV,45129,18.406461808269288,18645,0,4.804192919553421,4990
2013-12-01,2013,Dec,Truck,31087,16.008095229347322,31537,0,5.583178597056256,3154
2013-12-01,2013,Dec,Hatchback,19079,18.104668820248197,21348,0,5.542019483162937,5831
2014-01-01,2014,Jan,Sedan,33099,18.365448750011062,28785,0,4.040908936445414,6136
2014-01-01,2014,Jan,SUV,48866,16.82394618750904,25096,0,5.108638829873994,4326
2014-01-01,2014,Jan,Truck,21980,15.72232658405289,36058,0,5.743852932586314,4909
2014-01-01,2014,Jan,Hatchback,42516,18.05692565443567,19089,0,4.63554459215863,6578
2014-02-01,2014,Feb,Sedan,16958,17.30307405405241,28693,0,4.701159655872839,6219
2014-02-01,2014,Feb,SUV,48209,17.663617261863646,32478,0,3.9058232512700424,6628
2014-02-01,2014,Feb,Truck,31843,18.770861774488374,39030,0,4.679581781939598,2392
2014-02-01,2014,Feb,Hatchback,25449,18.952082202842654,35522,0,5.609699841956223,5808
2014-03-01,2014,Mar,Sedan,21701,17.431005120242506,20597,0,3.3613320615290867,2141
2014-03-01,2014,Mar,SUV,21142,18.211242639791624,30109,0,5.60059760676131,2595
2014-03-01,2014,Mar,Truck,19249,17.925934644665723,32949,0,4.197035545098071,3750
2014-03-01,2014,Mar,Hatchback,30282,18.582363971678017,37330,0,3.8035802070773963,3449
2014-04-01,2014,Apr,Sedan,25412,19.265121464094,33686,0,4.995212953124112,5789
2014-04-01,2014,Apr,SUV,28686,16.596841946933107,35915,0,5.585982116175032,6882
2014-04-01,2014,Apr,Truck,46655,18.550930970102012,28704,0,6.338183676795122,2285
2014-04-01,2014,Apr,Hatchback,44492,18.128760595089755,36146,0,3.919971997511561,5048
2014-05-01,2014,May,Sedan,20827,19.575165894163373,26259,0,3.636048778579194,2987
2014-05-01,2014,May,SUV,39173,18.642469443710244,37582,0,5.399135713687492,6790
2014-05-01,2014,May,Truck,24885,19.85794807206168,39538,0,4.6147106181639685,2778
2014-05-01,2014,May,Hatchback,22851,16.899318039321955,34288,0,4.536063391469628,4044
2014-06-01,2014,Jun,Sedan,40634,17.230033157514946,27168,0,4.52772168847657,6577
2014-06-01,2014,Jun,SUV,38852,18.284372424898116,18342,0,5.501046092567141,3447
2014-06-01,2014,Jun,Truck,41649,17.018886475308864,34789,0,2.669367103143543,3573
2014-06-01,2014,Jun,Hatchback,43803,20.45994679405709,36230,0,5.2421274910718925,3478
2014-07-01,2014,Jul,Sedan,45795,17.45589312977333,34300,0,3.9974005393937677,2578
2014-07-01,2014,Jul,SUV,32569,18.63635138956785,36778,0,4.643339167606231,4998
2014-07-01,2014,Jul,Truck,43369,19.360286542688602,24716,0,4.2845017976801305,6875
2014-07-01,2014,Jul,Hatchback,34835,19.2098462650215,30728,0,4.706049517879513,4140
2014-08-01,2014,Aug,Sedan,23333,21.444664615207785,23410,0,3.9933894933003824,3455
2014-08-01,2014,Aug,SUV,21796,16.65850106536737,39180,0,3.830589805167448,4096
2014-08-01,2014,Aug,Truck,32087,19.626719374609607,30605,0,3.922469906492446,4429
2014-08-01,2014,Aug,Hatchback,19912,19.243987235892238,22648,0,3.9181621680829792,2855
2014-09-01,2014,Sep,Sedan,18112,19.557359389298636,22492,0,4.586367567073424,3517
2014-09-01,2014,Sep,SUV,23210,16.937389849634307,29595,0,2.986285607387173,6679
2014-09-01,2014,Sep,Truck,21588,18.400689976517224,21311,0,5.008725023229934,5372
2014-09-01,2014,Sep,Hatchback,28654,19.031794990780526,38125,0,4.91966552259807,5052
2014-10-01,2014,Oct,Sedan,32373,17.434507261249447,21744,0,5.075779782666453,4686
2014-10-01,2014,Oct,SUV,49542,16.994624967410644,28651,0,4.767406982355464,2935
2014-10-01,2014,Oct,Truck,39306,17.803114549361542,37086,0,4.576851882958768,6006
2014-10-01,2014,Oct,Hatchback,49610,20.673117477092223,28058,0,3.434815315916554,3996
2014-11-01,2014,Nov,Sedan,32154,18.31008607086749,37539,0,5.258938600121947,4501
2014-11-01,2014,Nov,SUV,21439,18.087526506428215,31392,0,3.755215793273473,6008
2014-11-01,2014,Nov,Truck,49624,15.454353922520623,33670,0,3.8544305713515246,3998
2014-11-01,2014,Nov,Hatchback,22446,15.060914660863883,35815,0,5.2326493607290825,3819
2014-12-01,2014,Dec,Sedan,39950,19.571913092628215,20120,0,4.164604277226207,6020
2014-12-01,2014,Dec,SUV,43011,18.393543570485495,28081,0,5.551194010986041,3823
2014-12-01,2014,Dec,Truck,18134,18.433040443919786,36454,0,4.760321838771221,2359
2014-12-01,2014,Dec,Hatchback,35384,17.591358448133562,28135,0,4.425089155344981,6774
2015-01-01,2015,Jan,Sedan,31390,16.099658292714224,21267,0,4.544259386070329,3591
2015-01-01,2015,Jan,SUV,32297,18.341479923946956,20011,0,2.384080004529008,3442
2015-01-01,2015,Jan,Truck,43797,17.156747960132545,32730,0,4.290778126255472,6912
2015-01-01,2015,Jan,Hatchback,41039,19.83318495355958,33845,0,4.611172160289536,6928
2015-02-01,2015,Feb,Sedan,19652,18.04192718286669,27370,0,4.918187078467749,6458
2015-02-01,2015,Feb,SUV,41417,16.35278178295373,36693,0,4.138188660767432,2910
2015-02-01,2015,Feb,Truck,17169,16.3558154628929,36556,0,4.464004588022758,2123
2015-02-01,2015,Feb,Hatchback,45403,19.045431606766105,18785,0,4.16618051024399,4416
2015-03-01,2015,Mar,Sedan,29973,18.302849339442677,23619,0,3.722081187332619,3936
2015-03-01,2015,Mar,SUV,42716,15.643685771897252,21236,0,3.3732325310901947,4352
2015-03-01,2015,Mar,Truck,36300,16.097946675748272,23498,0,4.62332907439054,4390
2015-03-01,2015,Mar,Hatchback,19857,15.298413398770892,18340,0,3.957326200265978,4989
2015-04-01,2015,Apr,Sedan,15138,16.32797195811003,18358,0,5.246259707466592,6931
2015-04-01,2015,Apr,SUV,40879,19.442132528051314,33996,0,2.675275953099261,3134
2015-04-01,2015,Apr,Truck,34554,17.217147278725268,38219,0,5.064814149682929,4151
2015-04-01,2015,Apr,Hatchback,34218,19.598021439812445,30452,0,3.8656568941643217,2998
2015-05-01,2015,May,Sedan,40232,17.30203431482992,20660,0,4.394051645695864,4211
2015-05-01,2015,May,SUV,41421,20.496660380922314,19708,0,6.061906424766106,5630
2015-05-01,2015,May,Truck,40552,17.45735539674478,19207,0,4.780121388969449,3960
2015-05-01,2015,May,Hatchback,44535,17.813073305714806,30869,0,3.3274083911472574,6790
2015-06-01,2015,Jun,Sedan,43064,15.827915441938966,31527,0,3.6572574099850588,4454
2015-06-01,2015,Jun,SUV,17808,18.360706873995312,24642,0,2.0802547525882376,5825
2015-06-01,2015,Jun,Truck,18802,18.804587058426687,39083,0,4.806937707359552,3970
2015-06-01,2015,Jun,Hatchback,48132,20.276280163595807,38642,0,6.19532953286969,5119
2015-07-01,2015,Jul,Sedan,36826,16.465158350785053,20490,0,3.7055739465313193,2942
2015-07-01,2015,Jul,SUV,48905,18.983851164794643,38501,0,4.694736194718775,5420
2015-07-01,2015,Jul,Truck,15276,21.359614559891796,36383,0,4.960070606347438,3227
2015-07-01,2015,Jul,Hatchback,35536,17.059924163115053,30306,0,5.362393472382759,4311
2015-08-01,2015,Aug,Sedan,35620,19.81389916645311,27959,0,3.060435946623816,6743
2015-08-01,2015,Aug,SUV,26390,19.045654283862408,26448,0,5.682453826605304,5747
2015-08-01,2015,Aug,Truck,43182,17.071145302530837,29528,0,4.813118829747264,6897
2015-08-01,2015,Aug,Hatchback,23605,17.755399554084356,20014,0,3.755097355193551,3381
2015-09-01,2015,Sep,Sedan,47955,18.705483465792433,29948,0,2.644162229049676,4015
2015-09-01,2015,Sep,SUV,30271,15.159577999569322,23776,0,4.713293707372938,4422
2015-09-01,2015,Sep,Truck,30717,17.28981285955146,25355,0,5.128306925471167,6545
2015-09-01,2015,Sep,Hatchback,45622,19.471971191998172,20555,0,5.735711739298839,4342
2015-10-01,2015,Oct,Sedan,19727,15.611098373484587,38349,0,3.7424502887607183,3050
2015-10-01,2015,Oct,SUV,43454,18.089329452470423,20368,0,4.158112263828715,2436
2015-10-01,2015,Oct,Truck,45750,20.221857822883205,28576,0,4.021422555378533,2182
2015-10-01,2015,Oct,Hatchback,30369,13.470731766268763,39959,0,4.683849544753695,3589
2015-11-01,2015,Nov,Sedan,30373,18.31448912291194,24555,0,4.008363814367953,3011
2015-11-01,2015,Nov,SUV,33691,16.373199310061924,19228,0,3.4837508255417506,3035
2015-11-01,2015,Nov,Truck,22927,15.24998825324035,30641,0,4.47191613440702,3264
2015-11-01,2015,Nov,Hatchback,18167,17.06071495166765,29989,0,4.5153789813721055,4341
2015-12-01,2015,Dec,Sedan,29087,18.284567593088287,20437,0,5.4016109145684075,2888
2015-12-01,2015,Dec,SUV,20793,17.74582614377495,22523,0,4.649597478073554,2818
2015-12-01,2015,Dec,Truck,47441,19.27634694325196,26662,0,4.362628211600604,3948
2015-12-01,2015,Dec,Hatchback,38478,20.353167906154273,24318,0,3.171903737566252,6118
2016-01-01,2016,Jan,Sedan,44796,18.825142585541542,37991,0,4.139967885345139,2522
2016-01-01,2016,Jan,SUV,24821,18.132986386442155,23832,0,4.697315707405596,6628
2016-01-01,2016,Jan,Truck,16316,21.361701853531095,31200,0,4.089718564029003,3124
2016-01-01,2016,Jan,Hatchback,40599,14.362178583191099,19378,0,4.469828333370865,5374
2016-02-01,2016,Feb,Sedan,20355,18.432189355091555,39352,0,3.666164816560198,2891
2016-02-01,2016,Feb,SUV,42364,17.570412189754833,31411,0,4.8274197716509875,4078
2016-02-01,2016,Feb,Truck,45154,16.753245171293003,38277,0,5.917043820947617,4005
2016-02-01,2016,Feb,Hatchback,33156,19.00572092586182,38360,0,3.4281427669598443,3751
2016-03-01,2016,Mar,Sedan,23547,18.207448034678716,29515,0,4.160085494230783,2234
2016-03-01,2016,Mar,SUV,19213,17.183828996828712,28293,0,4.337207093927706,3673
2016-03-01,2016,Mar,Truck,43172,16.61127122527863,38132,0,4.6013567115465515,5173
2016-03-01,2016,Mar,Hatchback,39472,17.657100126989974,26578,0,3.5056506253914876,4158
2016-04-01,2016,Apr,Sedan,39087,18.988547023308605,30828,0,4.224489709531599,6266
2016-04-01,2016,Apr,SUV,34611,20.117814778341792,29023,0,3.9490888174451464,5758
2016-04-01,2016,Apr,Truck,18866,17.337047704118685,29956,0,4.163926013849964,4222
2016-04-01,2016,Apr,Hatchback,30493,17.643457312965538,38447,0,4.692234764195231,3524
2016-05-01,2016,May,Sedan,35093,19.86608084379328,24155,0,3.676640795421577,2719
2016-05-01,2016,May,SUV,35936,19.483003754037004,36591,0,3.148554235108029,6426
2016-05-01,2016,May,Truck,43151,18.556819302085245,31767,0,5.65323857854524,5116
2016-05-01,2016,May,Hatchback,39770,15.598644032285227,26680,0,3.671502975219754,4204
2016-06-01,2016,Jun,Sedan,48870,17.84511785977643,23243,0,2.8568111888458327,3241
2016-06-01,2016,Jun,SUV,48398,18.227428241040947,29908,0,4.525426702611635,3847
2016-06-01,2016,Jun,Truck,31616,18.031329732443943,27744,0,4.730700905718684,5270
2016-06-01,2016,Jun,Hatchback,46226,18.508221901216107,26652,0,3.505819907598213,5764
2016-07-01,2016,Jul,Sedan,22006,19.355173554136652,37867,0,4.560608835674933,3994
2016-07-01,2016,Jul,SUV,38091,16.78371373318449,18215,0,3.2424221410853837,3723
2016-07-01,2016,Jul,Truck,26033,16.941861527881237,27968,0,4.5623156454305365,4052
2016-07-01,2016,Jul,Hatchback,49464,15.643509966487992,29185,0,4.484347938377831,4469
2016-08-01,2016,Aug,Sedan,36625,15.588508459322913,24420,0,4.684740578895725,4500
2016-08-01,2016,Aug,SUV,37973,18.98198124436201,24353,0,4.684652775904601,4349
2016-08-01,2016,Aug,Truck,16116,17.15444973741315,28759,0,4.4169663965072266,5499
2016-08-01,2016,Aug,Hatchback,39272,18.452428871930394,24474,0,5.187966952116033,4380
2016-09-01,2016,Sep,Sedan,43328,14.436500983361075,32607,0,5.09824937462995,6675
2016-09-01,2016,Sep,SUV,46030,15.602813472174379,18619,0,4.962172666081943,2882
2016-09-01,2016,Sep,Truck,49064,16.766352634117705,32122,0,5.8169588366867035,2244
2016-09-01,2016,Sep,Hatchback,25717,19.574976438857075,21423,0,4.18221939566393,4019
2016-10-01,2016,Oct,Sedan,36542,19.079636913222274,30474,0,3.2067270421288363,5667
2016-10-01,2016,Oct,SUV,42691,20.226174042803947,30424,0,4.85561334878566,4468
2016-10-01,2016,Oct,Truck,19967,16.124388399045422,36753,0,5.104515326355367,5638
2016-10-01,2016,Oct,Hatchback,42236,17.294936778360746,33514,0,4.765878229652048,4936
2016-11-01,2016,Nov,Sedan,16196,19.325791805179612,30297,0,4.282226417608113,4787
2016-11-01,2016,Nov,SUV,40242,16.86301166622199,20176,0,2.9336502670359073,5743
2016-11-01,2016,Nov,Truck,43482,13.647714475959631,27171,0,6.500367511508081,4451
2016-11-01,2016,Nov,Hatchback,18696,18.371267874864305,38058,0,4.650405438176164,5929
2016-12-01,2016,Dec,Sedan,19956,19.787938284175674,28195,0,3.9077334691748846,2692
2016-12-01,2016,Dec,SUV,30417,20.068064619395027,32188,0,3.2551687617818432,5699
2016-12-01,2016,Dec,Truck,40792,16.794041401789535,39904,0,5.246088119539684,4401
2016-12-01,2016,Dec,Hatchback,27996,16.371815884655675,20871,0,5.208421042894582,2660
2017-01-01,2017,Jan,Sedan,16132,20.425818862452935,18699,0,4.604355937523213,4038
2017-01-01,2017,Jan,SUV,24065,20.116576351588837,26275,0,4.094589992386221,3422
2017-01-01,2017,Jan,Truck,42794,15.87193719367879,34998,0,4.7136458815124715,4971
2017-01-01,2017,Jan,Hatchback,31654,15.928335366127879,30258,0,5.885148925212324,4468
2017-02-01,2017,Feb,Sedan,29270,16.644984770554505,33523,0,4.410774547083336,5607
2017-02-01,2017,Feb,SUV,31673,19.587756450676768,24614,0,4.019622509019678,5252
2017-02-01,2017,Feb,Truck,31964,17.140691865693377,22958,0,2.833389708850084,2253
2017-02-01,2017,Feb,Hatchback,47252,20.50384313196045,21832,0,6.934408633237682,2699
2017-03-01,2017,Mar,Sedan,37918,16.986437881257583,31926,0,4.534152417488024,5156
2017-03-01,2017,Mar,SUV,39917,16.45509799364138,28179,0,3.750968529044904,6059
2017-03-01,2017,Mar,Truck,34624,19.660485619467753,36233,0,3.5927399532388775,2305
2017-03-01,2017,Mar,Hatchback,38736,16.719090437418462,38975,0,3.57647460823127,5450
2017-04-01,2017,Apr,Sedan,39885,19.058047815342675,20708,0,3.7488739430735545,3991
2017-04-01,2017,Apr,SUV,25014,17.10236109698466,21273,0,4.728576527517897,6538
2017-04-01,2017,Apr,Truck,24168,18.199885850791915,38106,0,2.75077995698979,5551
2017-04-01,2017,Apr,Hatchback,47920,15.617303189373663,29156,0,5.292934853493107,4916
2017-05-01,2017,May,Sedan,17610,18.049991888498703,30067,0,3.5438231168503527,3104
2017-05-01,2017,May,SUV,16914,19.622913089611274,37456,0,5.495532469083081,3006
2017-05-01,2017,May,Truck,34873,19.631196261047247,31050,0,5.424161823855902,2680
2017-05-01,2017,May,Hatchback,16363,17.162547369080954,27523,0,3.399845767028305,4292
2017-06-01,2017,Jun,Sedan,40675,18.65925184593034,36287,0,5.278936503512114,2174
2017-06-01,2017,Jun,SUV,27112,20.451202490233303,25106,0,2.356632675862641,3497
2017-06-01,2017,Jun,Truck,48919,18.68127475078476,25619,0,3.9652667524404084,2368
2017-06-01,2017,Jun,Hatchback,29211,17.909566512912583,37356,0,4.954795169642381,5922
2017-07-01,2017,Jul,Sedan,25578,18.459614782477818,36624,0,6.342479044567211,3476
2017-07-01,2017,Jul,SUV,16855,19.048242630303804,26125,0,4.92097294438939,2658
2017-07-01,2017,Jul,Truck,16481,16.5054124662494,21731,0,4.220126913833979,2451
2017-07-01,2017,Jul,Hatchback,34477,15.766274824857607,35266,0,5.514918982455158,6408
2017-08-01,2017,Aug,Sedan,26889,17.025912459384383,29254,0,5.27209478897529,6690
2017-08-01,2017,Aug,SUV,31199,15.981772745621667,25291,0,5.182059508576801,2112
2017-08-01,2017,Aug,Truck,41500,17.918080988912862,34523,0,4.260101082919839,3424
2017-08-01,2017,Aug,Hatchback,21989,17.831628799572513,24261,0,5.202953791906868,2887
2017-09-01,2017,Sep,Sedan,31402,16.944518175650234,39205,0,5.431979754959575,3473
2017-09-01,2017,Sep,SUV,18765,17.245379191343016,36822,0,3.2499315107936058,6310
2017-09-01,2017,Sep,Truck,37931,17.46034703131637,33166,0,3.1739523139179617,4761
2017-09-01,2017,Sep,Hatchback,25561,18.607371148438695,34901,0,4.457664341801763,3341
2017-10-01,2017,Oct,Sedan,29256,15.9934358641233,38186,0,4.7393308003974814,5275
2017-10-01,2017,Oct,SUV,37625,18.26051496920779,32114,0,3.798662808397286,2207
2017-10-01,2017,Oct,Truck,37693,19.201746029735883,22117,0,6.61087263702428,2153
2017-10-01,2017,Oct,Hatchback,44340,16.91739366999412,19518,0,4.676820872139398,4600
2017-11-01,2017,Nov,Sedan,44267,18.295990893892817,21554,0,3.6872720430815678,4414
2017-11-01,2017,Nov,SUV,31194,21.06872593213243,19742,0,5.271038919953255,3306
2017-11-01,2017,Nov,Truck,44231,19.784867095861753,31032,0,5.513675740543864,6195
2017-11-01,2017,Nov,Hatchback,17994,21.232999122285925,33226,0,3.522437874527313,3271
2017-12-01,2017,Dec,Sedan,28318,20.49647564718695,35200,0,5.224723857894259,2082
2017-12-01,2017,Dec,SUV,30596,17.835345744275788,20093,0,4.997485257305658,6713
2017-12-01,2017,Dec,Truck,20285,16.75290079909882,28896,0,5.1975866003471785,6937
2017-12-01,2017,Dec,Hatchback,34874,17.964671773688643,36163,0,4.325645742097164,3364
2018-01-01,2018,Jan,Sedan,44315,17.8027911064925,21676,0,5.326047171441506,4426
2018-01-01,2018,Jan,SUV,40640,20.62437585630813,28409,0,5.881454078690487,6017
2018-01-01,2018,Jan,Truck,39944,17.245537844172986,28996,0,4.763487215331059,2150
2018-01-01,2018,Jan,Hatchback,36869,17.888809340354936,22164,0,4.257850774176069,4346
2018-02-01,2018,Feb,Sedan,32568,20.557521220810546,38810,0,4.199196687783071,3551
2018-02-01,2018,Feb,SUV,19370,18.61181517356298,23283,0,4.952531436359485,4366
2018-02-01,2018,Feb,Truck,49761,15.899370659503848,18869,0,4.706774779834417,3014
2018-02-01,2018,Feb,Hatchback,48458,18.231505030596615,34873,0,6.21193719581703,4556
2018-03-01,2018,Mar,Sedan,35411,19.609467071649018,29035,0,6.863872494619361,4912
2018-03-01,2018,Mar,SUV,27855,18.455727893407314,37642,0,5.221562505126143,4817
2018-03-01,2018,Mar,Truck,20307,15.992091300415126,26933,0,5.192918623031611,4041
2018-03-01,2018,Mar,Hatchback,20668,22.890736621037135,32427,0,4.447103994583996,2062
2018-04-01,2018,Apr,Sedan,22352,17.28142341395737,31516,0,2.726495666050387,6351
2018-04-01,2018,Apr,SUV,41711,16.797319270936498,26003,0,2.0698078728437297,5278
2018-04-01,2018,Apr,Truck,26173,19.468386010298136,26312,0,3.49348670729042,3637
2018-04-01,2018,Apr,Hatchback,49800,17.581555604502288,20761,0,4.220239831504165,4068
2018-05-01,2018,May,Sedan,30954,19.28408883524556,35186,0,5.457789735136867,6164
2018-05-01,2018,May,SUV,47828,20.804422995756774,32387,0,2.5143378436006847,5927
2018-05-01,2018,May,Truck,17591,16.997894021853345,30127,0,5.50553522597456,3571
2018-05-01,2018,May,Hatchback,34238,15.920763083842143,29087,0,5.94903023127924,3236
2018-06-01,2018,Jun,Sedan,42253,17.287953345544413,18086,0,5.53311851539984,4512
2018-06-01,2018,Jun,SUV,21968,17.235212193353576,37157,0,2.4259240402352105,4504
2018-06-01,2018,Jun,Truck,38199,18.710448115217183,29821,0,3.5736188700184615,6590
2018-06-01,2018,Jun,Hatchback,35929,13.858407050766015,26837,0,4.083297399765666,5089
2018-07-01,2018,Jul,Sedan,19733,18.56141727072172,25081,0,2.66149316819745,2498
2018-07-01,2018,Jul,SUV,39690,16.93563021787624,29171,0,3.2414950893246655,6769
2018-07-01,2018,Jul,Truck,41829,21.640074729518282,20294,0,4.9329598253606965,5630
2018-07-01,2018,Jul,Hatchback,18453,15.933573748868644,22507,0,3.935225995829058,4410
2018-08-01,2018,Aug,Sedan,34389,14.861839155562164,21552,0,5.912834056769892,2018
2018-08-01,2018,Aug,SUV,23640,16.72963150752453,19948,0,6.219846211102585,2945
2018-08-01,2018,Aug,Truck,16920,18.795286961014366,29169,0,2.5415584578653623,6188
2018-08-01,2018,Aug,Hatchback,20552,16.479156071561192,22927,0,4.585687161403359,5388
2018-09-01,2018,Sep,Sedan,21160,16.656980516455462,39772,0,4.0918991608397794,3348
2018-09-01,2018,Sep,SUV,45009,19.123634766379602,18816,0,5.608788382475365,2820
2018-09-01,2018,Sep,Truck,47130,18.805973486316304,25374,0,5.834350325949299,5700
2018-09-01,2018,Sep,Hatchback,24359,19.089005148851502,21893,0,3.5593551023590857,3096
2018-10-01,2018,Oct,Sedan,48272,19.866747114031586,27813,0,4.632020922617557,4472
2018-10-01,2018,Oct,SUV,44894,14.871276211615067,18717,0,4.313130403149601,5484
2018-10-01,2018,Oct,Truck,44100,18.50059179534281,22994,0,4.2023890378833055,6234
2018-10-01,2018,Oct,Hatchback,38185,17.723123005132027,28674,0,3.801804466908391,2383
2018-11-01,2018,Nov,Sedan,25531,17.586446710618702,37790,0,5.440696143822683,2731
2018-11-01,2018,Nov,SUV,21476,18.541018763539494,36988,0,4.534131981511578,4382
2018-11-01,2018,Nov,Truck,23397,17.899489287084734,30327,0,3.928625778550088,4621
2018-11-01,2018,Nov,Hatchback,17890,15.820806156167482,28858,0,3.1028420017819225,5306
2018-12-01,2018,Dec,Sedan,29683,18.473603848316035,18670,0,4.8056292304581545,3505
2018-12-01,2018,Dec,SUV,41531,18.40280097969721,39639,0,6.013009266003989,2249
2018-12-01,2018,Dec,Truck,26577,19.809827904355163,29763,0,7.250107199580755,5792
2018-12-01,2018,Dec,Hatchback,49693,16.798528810023438,20972,0,6.00642172200158,5513
2019-01-01,2019,Jan,Sedan,26138,18.29593839844681,36196,0,4.811308673442885,6953
2019-01-01,2019,Jan,SUV,41069,18.285953386897535,38029,0,5.4413105807674835,4891
2019-01-01,2019,Jan,Truck,47821,20.713959524599666,36959,0,4.281954104607626,5591
2019-01-01,2019,Jan,Hatchback,48722,16.11699582647076,28625,0,4.853127237997876,3629
2019-02-01,2019,Feb,Sedan,36839,18.598474993185874,38185,0,5.155603912873426,4561
2019-02-01,2019,Feb,SUV,19886,17.751343203597816,30945,0,3.4182525127011596,2383
2019-02-01,2019,Feb,Truck,27226,20.446001665856347,31440,0,6.919791733010463,6251
2019-02-01,2019,Feb,Hatchback,15922,15.352619423782736,37299,0,4.206152963652894,4950
2019-03-01,2019,Mar,Sedan,48998,19.272261319000002,28627,0,3.267476685231491,3814
2019-03-01,2019,Mar,SUV,31544,19.108958761248445,33899,0,5.316339155938344,6487
2019-03-01,2019,Mar,Truck,48457,18.524475070949542,38143,0,2.9351972286379446,4949
2019-03-01,2019,Mar,Hatchback,31103,15.96326630694367,30742,0,4.177435215898023,6199
2019-04-01,2019,Apr,Sedan,30623,16.995786562366284,20378,0,4.77522128875783,3205
2019-04-01,2019,Apr,SUV,34212,21.67418969843715,20850,0,3.3236967430767312,4506
2019-04-01,2019,Apr,Truck,29282,19.82219558534158,34285,0,3.902431364233034,6603
2019-04-01,2019,Apr,Hatchback,47933,16.19804497534825,28701,0,5.1918811448550874,2919
2019-05-01,2019,May,Sedan,45926,20.002354871765167,21839,0,5.129749878398674,3258
2019-05-01,2019,May,SUV,25776,15.372945065148215,18067,0,2.972429506190674,3596
2019-05-01,2019,May,Truck,48340,20.019094465095677,25082,0,5.299088212188239,4258
2019-05-01,2019,May,Hatchback,21838,17.528390982669606,36971,0,5.458288429705002,5262
2019-06-01,2019,Jun,Sedan,29232,18.938262025246555,32026,0,5.385231482988991,6383
2019-06-01,2019,Jun,SUV,22031,20.93123615062543,32806,0,3.9942532957380634,3098
2019-06-01,2019,Jun,Truck,15570,18.002069476511977,37288,0,3.2232270478689133,4505
2019-06-01,2019,Jun,Hatchback,21982,20.41258396703579,24336,0,4.854968254757665,3678
2019-07-01,2019,Jul,Sedan,36133,16.018764339181566,37889,0,6.736283650795986,5475
2019-07-01,2019,Jul,SUV,49087,17.731275363504857,19141,0,3.2319857926166238,6627
2019-07-01,2019,Jul,Truck,18255,18.065272002965198,23213,0,5.058139514518507,6108
2019-07-01,2019,Jul,Hatchback,34173,18.36198290237517,38259,0,3.348985916380493,3610
2019-08-01,2019,Aug,Sedan,26413,15.39140155334335,32995,0,5.612905667380931,6391
2019-08-01,2019,Aug,SUV,44299,18.24647749785152,24582,0,4.393581119997012,2941
2019-08-01,2019,Aug,Truck,38596,16.30407699759371,19262,0,5.122711223900269,2943
2019-08-01,2019,Aug,Hatchback,18327,19.8192314775478,36643,0,3.9965644408388004,3828
2019-09-01,2019,Sep,Sedan,30160,18.379747857056973,19230,0,5.320344012612456,4654
2019-09-01,2019,Sep,SUV,29715,17.333766963550843,23750,0,4.829373145583527,5856
2019-09-01,2019,Sep,Truck,37449,17.69121085367949,35478,0,3.7534216534597613,4411
2019-09-01,2019,Sep,Hatchback,19145,17.85595889202097,20775,0,3.2277052653760148,6659
2019-10-01,2019,Oct,Sedan,41616,19.847976706904454,32119,0,1.962611403930116,2583
2019-10-01,2019,Oct,SUV,39685,15.446680100879984,34575,0,4.037184313660489,2903
2019-10-01,2019,Oct,Truck,32420,17.326925147002353,34351,0,5.590434341399109,6131
2019-10-01,2019,Oct,Hatchback,27453,18.89254419875335,36814,0,3.9425769468916787,3879
2019-11-01,2019,Nov,Sedan,49779,15.12285059924431,21373,0,4.349895778414496,4143
2019-11-01,2019,Nov,SUV,49057,17.88585484708206,19447,0,3.282603881010734,5199
2019-11-01,2019,Nov,Truck,34567,18.52470003685186,32139,0,3.4959454031579895,5216
2019-11-01,2019,Nov,Hatchback,22657,18.46957456486972,22920,0,4.4623400564745594,4153
2019-12-01,2019,Dec,Sedan,42413,16.70406132474718,23208,0,3.116546481931344,2687
2019-12-01,2019,Dec,SUV,23080,18.327113262979086,39902,0,4.520947365525143,4153
2019-12-01,2019,Dec,Truck,36158,18.590695947324377,25692,0,2.57232742065439,4896
2019-12-01,2019,Dec,Hatchback,29031,18.02482409836367,32536,0,4.147944392288063,2446
2020-01-01,2020,Jan,Sedan,14587,16.763977059325015,18226,1,7.586952291183374,6143
2020-01-01,2020,Jan,SUV,19971,11.44419261975992,18186,1,6.075534011870445,4877
2020-01-01,2020,Jan,Truck,21900,14.06439836782162,32523,1,8.344676120102132,3881
2020-01-01,2020,Jan,Hatchback,25958,13.604381918227093,31383,1,8.002650912987828,4892
2020-02-01,2020,Feb,Sedan,9445,12.66151191471733,34436,1,7.40208825820294,3757
2020-02-01,2020,Feb,SUV,14901,13.9541314707448,37169,1,8.173032533825706,2719
2020-02-01,2020,Feb,Truck,14855,14.570572172324466,36678,1,6.809158681356649,2071
2020-02-01,2020,Feb,Hatchback,19874,15.869401014684476,38866,1,6.437909674695805,2698
2020-03-01,2020,Mar,Sedan,24732,15.857356910969648,39758,1,6.123007405489448,5908
2020-03-01,2020,Mar,SUV,12820,14.779998613696716,29001,1,6.022162799628714,5558
2020-03-01,2020,Mar,Truck,23916,16.24090729969752,28878,1,7.527902648942897,4985
2020-03-01,2020,Mar,Hatchback,8336,14.802226004518864,28165,1,8.228980502489062,4979
2020-04-01,2020,Apr,Sedan,23632,10.869459472096896,34279,1,6.415382269342801,5129
2020-04-01,2020,Apr,SUV,8314,14.213138368430517,29737,1,7.574701261665348,3134
2020-04-01,2020,Apr,Truck,16347,13.89563268661816,23592,1,7.8899875622171,3724
2020-04-01,2020,Apr,Hatchback,8721,13.932885228856103,27104,1,5.786058293842617,5357
2020-05-01,2020,May,Sedan,10828,15.757493467670827,32996,1,6.634664046987529,3647
2020-05-01,2020,May,SUV,14771,14.211885710131195,34526,1,4.8694335201928,4761
2020-05-01,2020,May,Truck,18623,13.350648771822279,38896,1,7.314448917351962,3848
2020-05-01,2020,May,Hatchback,27456,15.799457118778871,27259,1,6.781345588504096,4786
2020-06-01,2020,Jun,Sedan,11871,12.833914886211643,19806,1,7.6933246903326005,3504
2020-06-01,2020,Jun,SUV,26074,14.196785135515825,33549,1,7.086428517078435,3344
2020-06-01,2020,Jun,Truck,23198,12.11944980515267,35888,1,7.462666136819887,4463
2020-06-01,2020,Jun,Hatchback,17783,15.691568012292318,22485,1,7.178590517392803,6437
2020-07-01,2020,Jul,Sedan,18160,14.147101309308416,38706,1,8.295871781863013,4186
2020-07-01,2020,Jul,SUV,20391,12.505110895515573,19874,1,5.767678852962559,2870
2020-07-01,2020,Jul,Truck,19410,15.042531042632335,32519,1,5.537775260310157,6069
2020-07-01,2020,Jul,Hatchback,20580,15.310274636704627,29989,1,5.507731213340136,5289
2020-08-01,2020,Aug,Sedan,8307,13.62218253815491,21359,1,7.649120140059937,5176
2020-08-01,2020,Aug,SUV,14226,12.77968436840312,39689,1,5.064415320482938,3378
2020-08-01,2020,Aug,Truck,12891,13.357249992766873,22992,1,6.179531907086912,3961
2020-08-01,2020,Aug,Hatchback,21255,15.49485576586917,22567,1,6.533504620771802,6005
2020-09-01,2020,Sep,Sedan,17590,14.48608554233234,28988,1,5.852308610184332,2536
2020-09-01,2020,Sep,SUV,19273,14.39644673296315,26002,1,7.725199472673184,6247
2020-09-01,2020,Sep,Truck,18703,14.849128974116322,33472,1,7.699013620013005,2270
2020-09-01,2020,Sep,Hatchback,23641,15.660275273284732,31998,1,6.8859408276276435,4398
2020-10-01,2020,Oct,Sedan,28566,15.906607474511393,20230,1,6.292883995367721,2128
2020-10-01,2020,Oct,SUV,28354,16.50524388102339,31272,1,6.564181022833768,6947
2020-10-01,2020,Oct,Truck,26725,14.34397119265197,23884,1,8.712667712838568,5214
2020-10-01,2020,Oct,Hatchback,17175,15.163650826104766,34260,1,8.372061423949685,4117
2020-11-01,2020,Nov,Sedan,16662,13.58402591515103,19987,1,7.7151624007606845,2090
2020-11-01,2020,Nov,SUV,18178,16.86412797844024,28377,1,7.8098893216611165,6440
2020-11-01,2020,Nov,Truck,9716,15.221254224998528,18310,1,6.284483180741679,6538
2020-11-01,2020,Nov,Hatchback,22011,14.223365113769558,20866,1,6.320559077068287,4011
2020-12-01,2020,Dec,Sedan,18956,14.652246831150268,35274,1,6.677248973881564,2731
2020-12-01,2020,Dec,SUV,21558,13.901038068663786,24686,1,7.450655555334655,3587
2020-12-01,2020,Dec,Truck,29031,14.034994262970766,28350,1,6.532400659505004,4432
2020-12-01,2020,Dec,Hatchback,14837,14.729054434126455,19449,1,5.452696011061635,6500
